ID,Name,PhotoUrl
156189813,Owen Beck,https://randomuser.me/api/portraits/men/28.jpg
955477631,Nellie Roberts,https://randomuser.me/api/portraits/women/54.jpg
426500917,Brett Flores,https://randomuser.me/api/portraits/men/73.jpg
527782036,Anthony Butler,https://randomuser.me/api/portraits/men/93.jpg
409445298,Dwayne Cole,https://randomuser.me/api/portraits/men/6.jpg
100847022,Charlotte Burke,https://randomuser.me/api/portraits/women/50.jpg
158396792,Rhonda Walters,https://randomuser.me/api/portraits/women/39.jpg
838362224,Dolores Rodriquez,https://randomuser.me/api/portraits/women/64.jpg
28038324,Daisy Turner,https://randomuser.me/api/portraits/women/38.jpg
380502076,Billy Burns,https://randomuser.me/api/portraits/men/91.jpg
